HG_AC16_U_U	1
HG_ADIPOSE_OMENTAL_ENCDO271OUW_U	2
HG_ADIPOSE_SUBCU_ENCDO793LXB_U	3
HG_ADRENAL_ENCDO271OUW_U	4
HG_ADRENAL_ENCDO451RUA_U	5
HG_ADRENAL_ENCDO528BHB_U	6
HG_ADRENAL_ENCDO575EGL_U	7
HG_ADRENAL_ENCDO575WHY_U	8
HG_ADRENAL_ENCDO845WKR_U	9
HG_ALL_SJHBBBM5GW9_U	10
HG_ALL_SJHBBBM5PY5_U	11
HG_ALL_SJHBBBM5TXY_U	12
HG_ALL_SJHBBBN9RFN_U	13
HG_AML_IPSC_RUNX1_KD_U	14
HG_AML_IPSC_U_U	15
HG_AORTA_THORACIC_ENCDO451RUA_U	16
HG_ATAC_IN_27_U_U	17
HG_ATL10_U_NO_TX	18
HG_ATL22_U_NO_TX	19
HG_ATL25_U_NO_TX	20
HG_ATL4_U_NO_TX	21
HG_ATL8_U_NO_TX	22
HG_BEAS_2B_U_CAL	23
HG_BEAS_2B_U_CALPOLYLC	24
HG_BEAS_2B_U_POLYLC	25
HG_BEAS_2B_U_SHAM	26
HG_BJ_U_DEEP_SENESCENCE	27
HG_BJ_U_GROWING	28
HG_BJ_U_QUIESCENCE	29
HG_BJ_U_REVERSAL_SENESCENCE	30
HG_BJ_U_SENESCENCE	31
HG_BREAST_EPITHELIUM_ENCDO271OUW_U	32
HG_BREAST_EPITHELIUM_ENCDO793LXB_U	33
HG_BRONCHIAL_EPITHELIUM_AAEC_CAL	34
HG_BRONCHIAL_EPITHELIUM_AAEC_CALPOLYLC	35
HG_BRONCHIAL_EPITHELIUM_AAEC_POLYLC	36
HG_BRONCHIAL_EPITHELIUM_AAEC_SHAM	37
HG_BRONCHIAL_EPITHELIUM_NHBEC_CAL	38
HG_BRONCHIAL_EPITHELIUM_NHBEC_CALPOLYLC	39
HG_BRONCHIAL_EPITHELIUM_NHBEC_POLYLC	40
HG_BRONCHIAL_EPITHELIUM_NHBEC_SHAM	41
HG_B_CELL_BRWD1_MUT_CVID_U	42
HG_B_CELL_BRWD1_MUT_U	43
HG_B_CELL_CD27NEG_SUBJECT_A_U	44
HG_B_CELL_CD27NEG_SUBJECT_D_U	45
HG_B_CELL_CD27NEG_SUBJECT_E_U	46
HG_B_CELL_CD27NEG_SUBJECT_F_U	47
HG_B_CELL_CD27POS_SUBJECT_A_U	48
HG_B_CELL_CD27POS_SUBJECT_D_U	49
HG_B_CELL_CD27POS_SUBJECT_E_U	50
HG_B_CELL_CD27POS_SUBJECT_F_U	51
HG_B_CELL_CVID_U	52
HG_B_CELL_DONOR1_EBV_D0	53
HG_B_CELL_DONOR1_EBV_D2	54
HG_B_CELL_DONOR1_EBV_D21	55
HG_B_CELL_DONOR2_EBV_D0	56
HG_B_CELL_DONOR2_EBV_D2	57
HG_B_CELL_DONOR2_EBV_D21	58
HG_B_CELL_DONOR2_EBV_D7	59
HG_B_CELL_LINE697_U_U	60
HG_B_CELL_LINE_NA18502_U	61
HG_B_CELL_LINE_NA18505_U	62
HG_B_CELL_LINE_NA18511_U	63
HG_B_CELL_LINE_NA18519_U	64
HG_B_CELL_LINE_NA18520_U	65
HG_B_CELL_LINE_NA18522_U	66
HG_B_CELL_LINE_NA18852_U	67
HG_B_CELL_LINE_NA18855_U	68
HG_B_CELL_LINE_NA18870_U	69
HG_B_CELL_LINE_NA19098_U	70
HG_B_CELL_LINE_NA19101_U	71
HG_B_CELL_LINE_NA19102_U	72
HG_B_CELL_LINE_NA19108_U	73
HG_B_CELL_LINE_NA19116_U	74
HG_B_CELL_LINE_NA19128_U	75
HG_B_CELL_LINE_NA19160_U	76
HG_B_CELL_LINE_NA19527_U	77
HG_B_CELL_LYMPHOMA_NA18501_U	78
HG_B_CELL_MEMORY_1001_STIM	79
HG_B_CELL_MEMORY_1001_U	80
HG_B_CELL_MEMORY_1002_STIM	81
HG_B_CELL_MEMORY_1002_U	82
HG_B_CELL_MEMORY_1003_STIM	83
HG_B_CELL_MEMORY_1004_U	84
HG_B_CELL_MOTHER_U	85
HG_B_CELL_NAIVE_1001_STIM	86
HG_B_CELL_NAIVE_1001_U	87
HG_B_CELL_NAIVE_1002_U	88
HG_B_CELL_NAIVE_1003_STIM	89
HG_B_CELL_NAIVE_1004_U	90
HG_B_CELL_TOTAL_1001_STIM	91
HG_B_CELL_TOTAL_1001_U	92
HG_B_CELL_TOTAL_1002_STIM	93
HG_B_CELL_TOTAL_1002_U	94
HG_B_CELL_TOTAL_1003_STIM	95
HG_B_CELL_TOTAL_1003_U	96
HG_B_CELL_TOTAL_1004_U	97
HG_B_CELL_U_GMP1_LOW	98
HG_B_CELL_U_GMP2_MID	99
HG_B_CELL_U_GMP3_HIGH	100
HG_B_CELL_U_U	101
HG_CASKI_U_U	102
HG_COLON_DESCENDING_ENCDO186XRB_U	103
HG_COLON_LEFT_ENCDO411EVD_U	104
HG_COLON_MUCOSA_ENCDO575WHY_U	105
HG_COLON_ORGANOID_AGE34_ETHANOL	106
HG_COLON_ORGANOID_AGE34_U	107
HG_COLON_ORGANOID_AGE53_ETHANOL	108
HG_COLON_ORGANOID_AGE53_U	109
HG_COLON_ORGANOID_AGE59_ETHANOL	110
HG_COLON_ORGANOID_AGE59_U	111
HG_COLON_SIGMOID_ENCDO271OUW_U	112
HG_COLON_SIGMOID_ENCDO451RUA_U	113
HG_COLON_SIGMOID_ENCDO793LXB_U	114
HG_COLON_SIGMOID_ENCDO845WKR_U	115
HG_COLON_TRANSVERSE_ENCDO271OUW_U	116
HG_COLON_TRANSVERSE_ENCDO451RUA_U	117
HG_COLON_TRANSVERSE_ENCDO793LXB_U	118
HG_COLON_TRANSVERSE_ENCDO845WKR_U	119
HG_CORD_HSC_CD34POS_D1_5HR_STIM	120
HG_CORD_HSC_CD34POS_D1__24HR_STIM	121
HG_CORD_HSC_CD34POS_D2_5HR_STIM	122
HG_CORD_HSC_CD34POS_D2__24HR_STIM	123
HG_CORD_HSC_CD34POS_U__48HR_STIM	124
HG_CORNEA_CONJUNCTIVA_246Z_U	125
HG_CORNEA_CONJUNCTIVA_257T_U	126
HG_CORNEA_CONJUNCTIVA_283P_U	127
HG_CORNEA_CONJUNCTIVA_719I_U	128
HG_CTL5_U_NO_TX	129
HG_DENDRITIC_CELL_1001_U	130
HG_DENDRITIC_CELL_1002_U	131
HG_EMBROYO_2CELL_3PN_U_U	132
HG_EMBROYO_2CELL_U_U	133
HG_EMBROYO_4CELL_U_U	134
HG_EMBROYO_8CELL_3PN_U_U	135
HG_EMBROYO_8CELL_U_U	136
HG_EMBROYO_ICM_U_U	137
HG_ENDODERM_D1_U	138
HG_ENDODERM_D2_U	139
HG_ENDODERM_D3_U	140
HG_ENDODERM_D4_U	141
HG_ENDODERM_D5_U	142
HG_EPIDERMAL_KERATINOCYTE_CTLI_U	143
HG_EPIDERMAL_KERATINOCYTE_SPT6I_U	144
HG_ERYTHROBLAST_CD49DPOS_BAND3POS_DONORP5_U	145
HG_ERYTHROBLAST_CD49D_BAND3POS_DONORP8_U	146
HG_ERYTHROBLAST_CD49INT_BAND3POS_DONORP6_U	147
HG_ERYTHROBLAST_CD49LO_BAND3POS_DONORP7_U	148
HG_ERYTHROBLAST_CD71NEG_CD235NEG_DONORP1_U	149
HG_ERYTHROBLAST_CD71POS_CD235LO_DONORP3_U	150
HG_ERYTHROBLAST_CD71POS_CD235NEG_DONORP2_U	151
HG_ERYTHROBLAST_CD71POS_CD235POS_DONORP4_U	152
HG_ERYTHROBLAST_PB_ORTHO_LUCIFERASE_CTRL_U	153
HG_ERYTHROBLAST_PB_POLY_LUCIFERASE_CTRL_U	154
HG_ERYTHROBLAST_PROLIFERATING_M2_KLF1_HAPLO_48HRS_DIFF	155
HG_ERYTHROBLAST_PROLIFERATING_M2_PROLIFERATING	156
HG_ERYTHROBLAST_PROLIFERATING_M3_48HRS_DIFF	157
HG_ERYTHROBLAST_PROLIFERATING_M3_PROLIFERATING	158
HG_ERYTHROBLAST_PROLIFERATING_M4_KLF1_HAPLO_48HRS_DIFF	159
HG_ERYTHROBLAST_PROLIFERATING_M4_KLF1_HAPLO_PROLIFERATING	160
HG_ERYTHROBLAST_PROLIFERATING_M5_KLF1_HAPLO_48HRS_DIFF	161
HG_ERYTHROBLAST_PROLIFERATING_M5_KLF1_HAPLO_PROLIFERATING	162
HG_ERYTHROBLAST_PROLIFERATING_M7_KLF1_HAPLO_48HRS_DIFF	163
HG_ERYTHROBLAST_PROLIFERATING_M7_PROLIFERATING	164
HG_ERYTHROBLAST_PROLIFERATING_M8_KLF1_HAPLO_48HRS_DIFF	165
HG_ERYTHROBLAST_PROLIFERATING_M8_KLF1_HAPLO_PROLIFERATING	166
HG_ERYTHROBLAST_PROLIFERATING_M9_48HRS_DIFF	167
HG_ERYTHROBLAST_PROLIFERATING_M9_PROLIFERATING	168
HG_ESC_T28_KO_U	169
HG_ESC_TFA2PCDOUBLE_NEG_U	170
HG_ESC_U_5D_ILAF_TRANSFECTED	171
HG_ESC_U_5D_ILAF_UNTRANSFECTED	172
HG_ESC_U_U	173
HG_ESOPHAGUS_MUSCULARIS_ENCDO451RUA_U	174
HG_ESOPHAGUS_SQUAMOUS_ENCDO271OUW_U	175
HG_FIBROBLAST_DERMAL_U_SSC	176
HG_FIBROBLAST_DERMAL_U_U	177
HG_FIBROBLAST_SYNOVIAL_H11_DEX	178
HG_FIBROBLAST_SYNOVIAL_H9_DEX	179
HG_FIBROBLAST_SYNOVIAL_U_TNF_STIM	180
HG_FIBROBLAST_SYNOVIAL_U_U	181
HG_FORESKIN_KERATINOCYTE_ENCDO005EGE_CALCIUM_2.5D	182
HG_FORESKIN_KERATINOCYTE_ENCDO005EGE_U	183
HG_FORESKIN_KERATINOCYTE_ENCDO615NVN_CALCIUM_2.5D	184
HG_FORESKIN_KERATINOCYTE_ENCDO615NVN_CALCIUM_5.5D	185
HG_FORESKIN_KERATINOCYTE_ENCDO615NVN_U	186
HG_GALBLADDER_MUCOSA_ENCDO575EGL_U	187
HG_GASTROC_MEDIALIS_ENCDO271OUW_U	188
HG_GASTROC_MEDIALIS_ENCDO451RUA_U	189
HG_GASTROC_MEDIALIS_ENCDO793LXB_U	190
HG_GASTROC_MEDIALIS_ENCDO845WKR_U	191
HG_GM128781_U_U	192
HG_GM128782_U_U	193
HG_GM128783_U_U	194
HG_GM128784_U_U	195
HG_GM128785_U_U	196
HG_GM128786_U_U	197
HG_GM128787_U_U	198
HG_GM128788_U_U	199
HG_GM128789_U_U	200
HG_GM12878_U_U	201
HG_GM128790_U_U	202
HG_GM128791_U_U	203
HG_GM128794_U_U	204
HG_GM128795_U_U	205
HG_GM23338_U_U	206
HG_H1_ENDODERM_U_U	207
HG_H1_ESC_BAF47_SHRNA_D0	208
HG_H1_ESC_BAF47_SHRNA_D3	209
HG_H1_ESC_DOX_SOX17_U	210
HG_H1_ESC_U_U	211
HG_H9_ADIPOCYTE_U_BROWN_ADIPOCYTES_D15	212
HG_H9_ADIPOCYTE_U_BROWN_ADIPOCYTES_D20	213
HG_H9_ADIPOCYTE_U_BROWN_ADIPOCYTES_D24	214
HG_H9_ADIPOCYTE_U_BROWN_ADIPOCYTES_D4	215
HG_H9_ADIPOCYTE_U_BROWN_ADIPOCYTES_D8	216
HG_H9_AP2CD7OFF_1_U	217
HG_H9_CHONDROCYTE_U_U	218
HG_H9_ESC_U_U	219
HG_H9_P2CNNC_U_U	220
HG_H9_P4CNCC_U_U	221
HG_H9_PARAXIAL_MESODERM_U_PM_DIFFERENTIATION	222
HG_H9_U_D0	223
HG_H9_U_D14	224
HG_H9_U_D28	225
HG_HAEC_D10_IL_1B	226
HG_HAEC_D10_U	227
HG_HAEC_D11_IL_1B	228
HG_HAEC_D11_U	229
HG_HAEC_D12_U	230
HG_HAEC_D13_IL_1B	231
HG_HAEC_D13_U	232
HG_HAEC_D14_IL_1B	233
HG_HAEC_D14_U	234
HG_HAEC_D15_IL_1B	235
HG_HAEC_D15_U	236
HG_HAEC_D16_IL_1B	237
HG_HAEC_D16_U	238
HG_HAEC_D17_IL_1B	239
HG_HAEC_D17_U	240
HG_HAEC_D18_IL_1B	241
HG_HAEC_D18_U	242
HG_HAEC_D19_IL_1B	243
HG_HAEC_D19_U	244
HG_HAEC_D1_IL_1B	245
HG_HAEC_D1_U	246
HG_HAEC_D20_IL_1B	247
HG_HAEC_D20_U	248
HG_HAEC_D21_IL_1B	249
HG_HAEC_D21_U	250
HG_HAEC_D22_IL_1B	251
HG_HAEC_D23_IL_1B	252
HG_HAEC_D23_U	253
HG_HAEC_D24_IL_1B	254
HG_HAEC_D24_U	255
HG_HAEC_D25_IL_1B	256
HG_HAEC_D25_U	257
HG_HAEC_D26_U	258
HG_HAEC_D27_U	259
HG_HAEC_D28_IL_1B	260
HG_HAEC_D28_U	261
HG_HAEC_D29_IL_1B	262
HG_HAEC_D2_IL_1B	263
HG_HAEC_D2_U	264
HG_HAEC_D30_IL_1B	265
HG_HAEC_D30_U	266
HG_HAEC_D31_IL_1B	267
HG_HAEC_D31_U	268
HG_HAEC_D32_IL_1B	269
HG_HAEC_D32_U	270
HG_HAEC_D33_IL_1B	271
HG_HAEC_D33_U	272
HG_HAEC_D34_U	273
HG_HAEC_D35_IL_1B	274
HG_HAEC_D35_U	275
HG_HAEC_D36_IL_1B	276
HG_HAEC_D38_U	277
HG_HAEC_D39_IL_1B	278
HG_HAEC_D39_U	279
HG_HAEC_D3_IL_1B	280
HG_HAEC_D3_U	281
HG_HAEC_D40_U	282
HG_HAEC_D41_IL_1B	283
HG_HAEC_D41_U	284
HG_HAEC_D42_IL_1B	285
HG_HAEC_D42_U	286
HG_HAEC_D43_U	287
HG_HAEC_D44_IL_1B	288
HG_HAEC_D44_U	289
HG_HAEC_D45_IL_1B	290
HG_HAEC_D46_IL_1B	291
HG_HAEC_D47_IL_1B	292
HG_HAEC_D48_IL_1B	293
HG_HAEC_D48_U	294
HG_HAEC_D49_IL_1B	295
HG_HAEC_D49_U	296
HG_HAEC_D4_IL_1B	297
HG_HAEC_D4_U	298
HG_HAEC_D50_IL_1B	299
HG_HAEC_D50_U	300
HG_HAEC_D51_IL_1B	301
HG_HAEC_D51_U	302
HG_HAEC_D53_IL_1B	303
HG_HAEC_D53_U	304
HG_HAEC_D5_IL_1B	305
HG_HAEC_D5_U	306
HG_HAEC_D6_IL_1B	307
HG_HAEC_D6_U	308
HG_HAEC_D7_IL_1B	309
HG_HAEC_D8_IL_1B	310
HG_HAEC_D8_U	311
HG_HAEC_U_4HR_IL1B	312
HG_HAEC_U_4HR_OXPAPC	313
HG_HAEC_U_4HR_TNFA	314
HG_HAEC_U_U	315
HG_HC1_IPSC_U_D22	316
HG_HC1_IPSC_U_D50	317
HG_HC1_IPSC_U_D78	318
HG_HCT116_U_BUTYRATE24	319
HG_HEART_LV_ENCDO271OUW_U	320
HG_HEART_LV_ENCDO793LXB_U	321
HG_HEART_LV_SUPERIOR_ENCDO520EJG_U	322
HG_HEART_RA_AURICLE_ENCDO271OUW_U	323
HG_HEART_RA_DONOR_40M_U	324
HG_HEART_RA_ENCDO520EJG_U	325
HG_HEART_RV_ENCDO411EVD_U	326
HG_HEART_RV_INFERIOR_ENCDO520EJG_U	327
HG_HEART_RV_SUPERIOR_ENCDO520EJG_U	328
HG_HEK293_U_TNFAPOS10D_WITHDRAWLPOS	329
HG_HEK293_U_TNFAPOS10D_WITHDRAWLPOS_12HR	330
HG_HEK293_U_TNFA_12HR	331
HG_HEK293_U_U	332
HG_HEPG2_KD_HBVNEG	333
HG_HEPG2_U_HBVNEG	334
HG_HEPG2_U_U	335
HG_HL_60_U_U	336
HG_HMS_001_U_U	337
HG_HODGKINS_L1236_SH2A.B_U	338
HG_HODGKINS_L1236_SHNTC_U	339
HG_HODGKINS_L428_SH2A.B_U	340
HG_HODGKINS_L428_SHNTC_U	341
HG_HPC_CD34POS_CD1NEG_D1_U	342
HG_HPC_CD34POS_CD1NEG_D2_U	343
HG_HPC_CD34POS_CD1POS_D1_U	344
HG_HPC_CD34POS_CD1POS_D2_U	345
HG_HPC_CD34_CD4POS_D1_U	346
HG_HPC_CD34_CD4POS_D2_U	347
HG_HPC_U_U	348
HG_HSC_UNK_U_UNK	349
HG_HT1376_U_U	350
HG_HUVEC_U_YOUNG	351
HG_HYPERTROPHIC_SCAR_JUN_KO_U	352
HG_HYPERTROPHIC_SCAR_U_U	353
HG_IMR_90_U_U	354
HG_IPSC_ASXL1_U	355
HG_IPSC_GA_18_U	356
HG_IPSC_HEPATOCYTE_H2_DEX	357
HG_IPSC_HEPATOCYTE_H3_DEX	358
HG_IPSC_HEPATOCYTE_H5_DEX	359
HG_IPSC_HEPATOCYTE_H8_DEX	360
HG_IPSC_IPS_08_U	361
HG_IPSC_IPS_09_U	362
HG_IPSC_IPS_11_U	363
HG_IPSC_IPS_12_U	364
HG_IPSC_IPS_16_U	365
HG_IPSC_IPS_18_U	366
HG_IPSC_PARENTAL_3_ATACSEQ_U	367
HG_IPSC_SAH_SMARCB1_K364DELHET_U	368
HG_IPSC_SAH_U_U	369
HG_IPSC_SRSF2_ASXL1_NRAS_FLT3_U	370
HG_IPSC_SRSF2_ASXL1_NRAS_U	371
HG_IPSC_SRSF2_ASXL1_U	372
HG_ISP_CD28POS_CD4POS_CD3NEGCD8NEG_D1_U	373
HG_ISP_CD28POS_CD4POS_CD3NEGCD8NEG_D2_U	374
HG_ISP_CD28_THYMOCYTE_U_10MCL_IMMUNOCULT	375
HG_ISP_CD28_THYMOCYTE_U_2.5MCL_IMMUNOCULT	376
HG_ISP_CD28_THYMOCYTE_U_U	377
HG_JURKAT_31_CBS_INV_U	378
HG_JURKAT_U_ASPARAGINE_DEPRIVATION	379
HG_JURKAT_U_IONO	380
HG_JURKAT_U_PMA	381
HG_JURKAT_U_PMA_IONO	382
HG_JURKAT_U_U	383
HG_JURKAT_ZBTB1KO_ASPARAGINE_DEPRIVATION	384
HG_JURKAT_ZBTB1KO_PLUS_ZBTB1CDNA_ASPARAGINE_DEPRIVATION	385
HG_JURKAT_ZBTB1KO_PLUS_ZBTB1CDNA_U	386
HG_JURKAT_ZBTB1KO_U	387
HG_K119_U_U	388
HG_K562_31CBS_KO_U	389
HG_K562_DOT1L_KO_U	390
HG_K562_ENL_KO_U	391
HG_K562_U_U	392
HG_KELOID_JUN_KO_U	393
HG_KELOID_U_U	394
HG_KMS27_SI_CHE_U	395
HG_KMS27_U_U	396
HG_KMS28_U_NSD_HIGH	397
HG_KMS28_U_NSD_LOW	398
HG_LIVER_RL_ENCDO528BHB_U	399
HG_LIVER_RL_ENCDO575EGL_U	400
HG_LIVER_RL_ENCDO575WHY_U	401
HG_LIVER_RL_ENCDO793LXB_U	402
HG_LNCAP_CREB5_4D_DMSO	403
HG_LNCAP_CREB5_4D_ENZALUTAMIDE	404
HG_LNCAP_LUCIFERASE_4D_DMSO	405
HG_LNCAP_LUCIFERASE_4D_ENZALUTAMIDE	406
HG_LUNG_ENCDO528BHB_U	407
HG_LUNG_LLL_ENCDO520EJG_U	408
HG_LUNG_LL_ENCDO575EGL_U	409
HG_LUNG_RUL_ENCDO520EJG_U	410
HG_M0_MACROPHAGE_U_0_HRS	411
HG_M1_MACROPHAGE_U_STIM_12HRS	412
HG_M1_MACROPHAGE_U_STIM_24HRS	413
HG_M1_MACROPHAGE_U_STIM_3HRS	414
HG_M1_MACROPHAGE_U_STIM_6HRS	415
HG_M2_MACROPHAGE_U_STIM_12HRS	416
HG_M2_MACROPHAGE_U_STIM_24HRS	417
HG_M2_MACROPHAGE_U_STIM_3HRS	418
HG_M2_MACROPHAGE_U_STIM_6HRS	419
HG_MACROPHAGE_F_30_34_W_BRITISH_HPSI0114I_VASS_1_D_26_IFN	420
HG_MACROPHAGE_F_30_34_W_BRITISH_HPSI0114I_VASS_1_D_26_IFN_SALMONELLA	421
HG_MACROPHAGE_F_30_34_W_BRITISH_HPSI0114I_VASS_1_D_26_U	422
HG_MACROPHAGE_F_40_44_W_BRITISH_HPSI0114I_EIPL_1_D_35_IFN	423
HG_MACROPHAGE_F_40_44_W_BRITISH_HPSI0114I_EIPL_1_D_35_IFN_SALMONELLA	424
HG_MACROPHAGE_F_40_44_W_BRITISH_HPSI0114I_EIPL_1_D_35_U	425
HG_MACROPHAGE_F_40_44_W_BRITISH_HPSI0214I_PELM_3_D_40_IFN	426
HG_MACROPHAGE_F_40_44_W_BRITISH_HPSI0214I_PELM_3_D_40_IFN_SALMONELLA	427
HG_MACROPHAGE_F_40_44_W_BRITISH_HPSI0214I_PELM_3_D_40_SALMONELLA	428
HG_MACROPHAGE_F_40_44_W_BRITISH_HPSI0214I_PELM_3_D_40_U	429
HG_MACROPHAGE_F_40_44_W_BRITISH_HPSI0913I_OAPG_5_D_40_IFN	430
HG_MACROPHAGE_F_40_44_W_BRITISH_HPSI0913I_OAPG_5_D_40_IFN_SALMONELLA	431
HG_MACROPHAGE_F_40_44_W_BRITISH_HPSI0913I_OAPG_5_D_40_SALMONELLA	432
HG_MACROPHAGE_F_40_44_W_BRITISH_HPSI0913I_OAPG_5_D_40_U	433
HG_MACROPHAGE_F_45_49_W_BRITISH_HPSI1113I_EOFE_1_D_41_IFN	434
HG_MACROPHAGE_F_45_49_W_BRITISH_HPSI1113I_EOFE_1_D_41_IFN_SALMONELLA	435
HG_MACROPHAGE_F_45_49_W_BRITISH_HPSI1113I_EOFE_1_D_41_SALMONELLA	436
HG_MACROPHAGE_F_45_49_W_BRITISH_HPSI1113I_EOFE_1_D_41_U	437
HG_MACROPHAGE_F_45_49_W_OTHER_HPSI0314I_SOJD_3_D_33_IFN	438
HG_MACROPHAGE_F_45_49_W_OTHER_HPSI0314I_SOJD_3_D_33_IFN_SALMONELLA	439
HG_MACROPHAGE_F_45_49_W_OTHER_HPSI0314I_SOJD_3_D_33_SALMONELLA	440
HG_MACROPHAGE_F_45_49_W_OTHER_HPSI0314I_SOJD_3_D_33_U	441
HG_MACROPHAGE_F_50_54_W_BRITISH_HPSI1213I_BABK_2_D_53_IFN	442
HG_MACROPHAGE_F_50_54_W_BRITISH_HPSI1213I_BABK_2_D_53_IFN_SALMONELLA	443
HG_MACROPHAGE_F_50_54_W_BRITISH_HPSI1213I_BABK_2_D_53_SALMONELLA	444
HG_MACROPHAGE_F_50_54_W_BRITISH_HPSI1213I_BABK_2_D_53_U	445
HG_MACROPHAGE_F_55_59_W_BRITISH_HPSI1213I_PAHC_4_D_36_IFN	446
HG_MACROPHAGE_F_60_64_W_BRITISH_HPSI0314I_QAQX_1_D_48_IFN	447
HG_MACROPHAGE_F_60_64_W_BRITISH_HPSI0314I_QAQX_1_D_48_IFN_SALMONELLA	448
HG_MACROPHAGE_F_60_64_W_BRITISH_HPSI0314I_QAQX_1_D_48_SALMONELLA	449
HG_MACROPHAGE_F_60_64_W_BRITISH_HPSI0314I_QAQX_1_D_48_U	450
HG_MACROPHAGE_F_60_64_W_BRITISH_HPSI0913I_DIKU_1_D_29_IFN	451
HG_MACROPHAGE_F_60_64_W_BRITISH_HPSI0913I_DIKU_1_D_29_IFN_SALMONELLA	452
HG_MACROPHAGE_F_60_64_W_BRITISH_HPSI0913I_DIKU_1_D_29_SALMONELLA	453
HG_MACROPHAGE_F_60_64_W_BRITISH_HPSI0913I_DIKU_1_D_29_U	454
HG_MACROPHAGE_F_60_64_W_BRITISH_HPSI1213I_HEHD_2_D_36_IFN	455
HG_MACROPHAGE_F_60_64_W_BRITISH_HPSI1213I_HEHD_2_D_36_IFN_SALMONELLA	456
HG_MACROPHAGE_F_60_64_W_BRITISH_HPSI1213I_HEHD_2_D_36_SALMONELLA	457
HG_MACROPHAGE_F_60_64_W_BRITISH_HPSI1213I_HEHD_2_D_36_U	458
HG_MACROPHAGE_F_65_69_W_BRITISH_HPSI0214I_EIWY_1_D_40_IFN	459
HG_MACROPHAGE_F_65_69_W_BRITISH_HPSI0214I_EIWY_1_D_40_IFN_SALMONELLA	460
HG_MACROPHAGE_F_65_69_W_BRITISH_HPSI0214I_EIWY_1_D_40_SALMONELLA	461
HG_MACROPHAGE_F_65_69_W_BRITISH_HPSI0214I_EIWY_1_D_40_U	462
HG_MACROPHAGE_F_65_69_W_BRITISH_HPSI1113I_PODX_1_D_26_IFN	463
HG_MACROPHAGE_F_65_69_W_BRITISH_HPSI1113I_PODX_1_D_26_IFN_SALMONELLA	464
HG_MACROPHAGE_F_65_69_W_BRITISH_HPSI1113I_PODX_1_D_26_SALMONELLA	465
HG_MACROPHAGE_F_65_69_W_BRITISH_HPSI1113I_PODX_1_D_26_U	466
HG_MACROPHAGE_M_25_29_W_OTHER_HPSI1013I_KUXP_1_D_31_IFN	467
HG_MACROPHAGE_M_25_29_W_OTHER_HPSI1013I_KUXP_1_D_31_IFN_SALMONELLA	468
HG_MACROPHAGE_M_25_29_W_OTHER_HPSI1013I_KUXP_1_D_31_SALMONELLA	469
HG_MACROPHAGE_M_25_29_W_OTHER_HPSI1013I_KUXP_1_D_31_U	470
HG_MACROPHAGE_M_40_44_W_BRITISH_HPSI1113I_BIMA_1_D_35_IFN	471
HG_MACROPHAGE_M_40_44_W_BRITISH_HPSI1113I_BIMA_1_D_35_IFN_SALMONELLA	472
HG_MACROPHAGE_M_40_44_W_BRITISH_HPSI1113I_BIMA_1_D_35_SALMONELLA	473
HG_MACROPHAGE_M_40_44_W_BRITISH_HPSI1113I_BIMA_1_D_35_U	474
HG_MACROPHAGE_M_50_54_W_BRITISH_HPSI0114I_FIKT_3_D_33_IFN	475
HG_MACROPHAGE_M_50_54_W_BRITISH_HPSI0114I_FIKT_3_D_33_IFN_SALMONELLA	476
HG_MACROPHAGE_M_50_54_W_BRITISH_HPSI0114I_FIKT_3_D_33_SALMONELLA	477
HG_MACROPHAGE_M_50_54_W_BRITISH_HPSI0114I_FIKT_3_D_33_U	478
HG_MACROPHAGE_M_60_64_W_BRITISH_HPSI0314I_FAFQ_1_D_28_IFN	479
HG_MACROPHAGE_M_60_64_W_BRITISH_HPSI0314I_FAFQ_1_D_28_IFN_SALMONELLA	480
HG_MACROPHAGE_M_60_64_W_BRITISH_HPSI0314I_FAFQ_1_D_28_SALMONELLA	481
HG_MACROPHAGE_M_60_64_W_BRITISH_HPSI0314I_FAFQ_1_D_28_U	482
HG_MACROPHAGE_M_65_69_W_BRITISH_HPSI0314I_XUGN_1_D_41_IFN	483
HG_MACROPHAGE_M_65_69_W_BRITISH_HPSI0314I_XUGN_1_D_41_IFN_SALMONELLA	484
HG_MACROPHAGE_M_65_69_W_BRITISH_HPSI0314I_XUGN_1_D_41_SALMONELLA	485
HG_MACROPHAGE_M_65_69_W_BRITISH_HPSI0314I_XUGN_1_D_41_U	486
HG_MACROPHAGE_M_65_69_W_BRITISH_HPSI1013I_HIAF_2_D_34_IFN	487
HG_MACROPHAGE_M_65_69_W_BRITISH_HPSI1013I_HIAF_2_D_34_IFN_SALMONELLA	488
HG_MACROPHAGE_M_65_69_W_BRITISH_HPSI1013I_HIAF_2_D_34_SALMONELLA	489
HG_MACROPHAGE_M_65_69_W_BRITISH_HPSI1013I_HIAF_2_D_34_U	490
HG_MACROPHAGE_M_65_69_W_BRITISH_HPSI1013I_PAMV_3_D_30_IFN	491
HG_MACROPHAGE_M_65_69_W_BRITISH_HPSI1013I_PAMV_3_D_30_IFN_SALMONELLA	492
HG_MACROPHAGE_M_65_69_W_BRITISH_HPSI1013I_PAMV_3_D_30_SALMONELLA	493
HG_MACROPHAGE_M_65_69_W_BRITISH_HPSI1013I_PAMV_3_D_30_U	494
HG_MACROPHAGE_M_70_74_W_BRITISH_HPSI0214I_HEJA_1_D_44_IFN	495
HG_MACROPHAGE_M_70_74_W_BRITISH_HPSI0214I_HEJA_1_D_44_IFN_SALMONELLA	496
HG_MACROPHAGE_M_70_74_W_BRITISH_HPSI0214I_HEJA_1_D_44_SALMONELLA	497
HG_MACROPHAGE_M_70_74_W_BRITISH_HPSI0214I_HEJA_1_D_44_U	498
HG_MACROPHAGE_M_70_74_W_OTHER_HPSI1113I_HAYT_1_D_27_IFN	499
HG_MACROPHAGE_M_70_74_W_OTHER_HPSI1113I_HAYT_1_D_27_IFN_SALMONELLA	500
HG_MACROPHAGE_M_70_74_W_OTHER_HPSI1113I_HAYT_1_D_27_SALMONELLA	501
HG_MACROPHAGE_M_70_74_W_OTHER_HPSI1113I_HAYT_1_D_27_U	502
HG_MCF10A_U_U	503
HG_MM1_S_U_2HRS_A485	504
HG_MM1_S_U_6HRS_A485	505
HG_MM1_S_U_DMSO	506
HG_MOLM_13_CBS79KO_U	507
HG_MOLM_13_HOTTIP_KO_U	508
HG_MOLM_13_HOTTIP_VP160_U	509
HG_MOLM_13_RBMX_KD_U	510
HG_MOLM_13_U_U	511
HG_MONOCYTES_1001_STIM	512
HG_MONOCYTES_1001_U	513
HG_MONOCYTES_1002_STIM	514
HG_MONOCYTES_1003_STIM	515
HG_MONOCYTES_1003_U	516
HG_MONOCYTES_1004_STIM	517
HG_MONOCYTES_1004_U	518
HG_MONOCYTES_1010_STIM2	519
HG_MONOCYTE_CD13POSCD16NEG_U_D17	520
HG_MONOCYTE_CD13POSCD16NEG_U_D7	521
HG_MONOCYTE_CD14POS_CONT1_GM_GM_CSF	522
HG_MONOCYTE_CD14POS_CONT1_M_M_CSF	523
HG_MONOCYTE_CD14POS_U_GM_CSF	524
HG_MONOCYTE_CD14POS_U_M_CSF	525
HG_MONOCYTE_LEAN_ME004_1_LEAN	526
HG_MONOCYTE_LEAN_ME004_3_LEAN	527
HG_MONOCYTE_LEAN_ME019_1_LEAN	528
HG_MONOCYTE_LEAN_ME019_3_LEAN	529
HG_MONOCYTE_LEAN_ME073_1_OBESE	530
HG_MONOCYTE_LEAN_ME096_1_OBESE	531
HG_MONOCYTE_LEAN_ME096_3_OBESE	532
HG_MONOCYTE_LEAN_ME097_1_OBESE	533
HG_MONOCYTE_LEAN_ME097_3_OBESE	534
HG_MONOCYTE_MO2_MO1_U	535
HG_MONOCYTE_MO2_MO2_U	536
HG_MONOCYTE_OBESE_ME015_1_LEAN	537
HG_MONOCYTE_OBESE_ME015_3_LEAN	538
HG_MONOCYTE_OBESE_ME073_3_OBESE	539
HG_MONOCYTE_OBESE_ME074_1_LEAN	540
HG_MONOCYTE_OBESE_ME074_3_LEAN	541
HG_MONOCYTE_OBESE_ME078_1_OBESE	542
HG_MONOCYTE_OBESE_ME078_3_OBESE	543
HG_MONOCYTE_RUX_1GM_U	544
HG_MONOCYTE_RUX_2GM_U	545
HG_MONOCYTE_TRAM_U	546
HG_MONOCYTE_WORT_1GM_U	547
HG_MONOCYTE_WORT_2GM_U	548
HG_MSC_AT_TERT4_U	549
HG_MSC_BM_TERT4_U	550
HG_MSC_CLOCK_KO_U	551
HG_MSC_SIRT7_KO_U	552
HG_MSC_U_U	553
HG_MSC_ZKSCAN3_KO_U	554
HG_MYOTUBULAR_IPSC_U_DMSO	555
HG_MYOTUBULAR_IPSC_U_SDDF	556
HG_N102_U_U	557
HG_NERVE_TIBIAL_ENCDO271OUW_U	558
HG_NEURON_DOPAMINERGIC_D30_IPS_07_U	559
HG_NEURON_DOPAMINERGIC_D30_IPS_08_U	560
HG_NEURON_DOPAMINERGIC_D30_IPS_09_U	561
HG_NEURON_DOPAMINERGIC_D30_IPS_11_U	562
HG_NEURON_DOPAMINERGIC_D30_IPS_12_U	563
HG_NEURON_DOPAMINERGIC_D30_IPS_16_U	564
HG_NEURON_DOPAMINERGIC_D30_IPS_21_U	565
HG_NEURON_GABAERGIC_D28_IPS_04_U	566
HG_NEURON_GABAERGIC_D28_IPS_05_U	567
HG_NEURON_GABAERGIC_D28_IPS_07_U	568
HG_NEURON_GABAERGIC_D28_IPS_08_U	569
HG_NEURON_GABAERGIC_D28_IPS_09_U	570
HG_NEURON_GLUTAMERGIC_D15_IPS_02_U	571
HG_NEURON_GLUTAMERGIC_D15_IPS_03_U	572
HG_NEURON_GLUTAMERGIC_D15_IPS_04_U	573
HG_NEURON_GLUTAMERGIC_D15_IPS_05_U	574
HG_NEURON_GLUTAMERGIC_D15_IPS_07_U	575
HG_NEURON_GLUTAMERGIC_D15_IPS_08_U	576
HG_NEURON_GLUTAMERGIC_D15_IPS_09_U	577
HG_NEURON_GLUTAMERGIC_D15_IPS_10_U	578
HG_NEURON_GLUTAMERGIC_D15_IPS_11_U	579
HG_NEURON_GLUTAMERGIC_D15_IPS_12_U	580
HG_NEURON_GLUTAMERGIC_D15_IPS_13_U	581
HG_NEURON_GLUTAMERGIC_D15_IPS_14_U	582
HG_NEURON_GLUTAMERGIC_D15_IPS_16_U	583
HG_NEURON_GLUTAMERGIC_D15_IPS_17_U	584
HG_NEURON_GLUTAMERGIC_D15_IPS_18_U	585
HG_NEURON_GLUTAMERGIC_D15_IPS_19_U	586
HG_NEURON_GLUTAMERGIC_D15_IPS_20_U	587
HG_NEURON_GLUTAMERGIC_D15_IPS_21_U	588
HG_NEURON_H9_CHD_KO_CR1_U	589
HG_NEURON_H9_CHD_KO_CR3_U	590
HG_NEURON_H9_CR1_U	591
HG_NEURON_H9_CR3_U	592
HG_NEURON_ICELL_U_15M_KCL	593
HG_NEURON_ICELL_U_2HR_KCL	594
HG_NEURON_ICELL_U_U	595
HG_NEUTROPHIL_LD_SLE1_U	596
HG_NEUTROPHIL_LD_SLE2_U	597
HG_NEUTROPHIL_LD_SLE3_U	598
HG_NEUTROPHIL_LD_SLE4_U	599
HG_NEUTROPHIL_LD_SLE5_U	600
HG_NEUTROPHIL_LD_SLE6_U	601
HG_NEUTROPHIL_LD_SLE7_U	602
HG_NEUTROPHIL_LD_SLE8_U	603
HG_NEUTROPHIL_ND_CTRL1_U	604
HG_NEUTROPHIL_ND_CTRL2_U	605
HG_NEUTROPHIL_ND_CTRL3_U	606
HG_NEUTROPHIL_ND_CTRL4_U	607
HG_NEUTROPHIL_ND_CTRL5_U	608
HG_NEUTROPHIL_ND_CTRL6_U	609
HG_NEUTROPHIL_ND_CTRL7_U	610
HG_NEUTROPHIL_ND_CTRL8_U	611
HG_NEUTROPHIL_ND_SLE1_U	612
HG_NEUTROPHIL_ND_SLE2_U	613
HG_NEUTROPHIL_ND_SLE3_U	614
HG_NEUTROPHIL_ND_SLE4_U	615
HG_NEUTROPHIL_ND_SLE5_U	616
HG_NEUTROPHIL_ND_SLE6_U	617
HG_NEUTROPHIL_ND_SLE7_U	618
HG_NEUTROPHIL_ND_SLE8_U	619
HG_NK_CELL_CD49NEG_LIVER_LIVER39_U	620
HG_NK_CELL_CD49NEG_LIVER_LIVER40_U	621
HG_NK_CELL_CD49NEG_LIVER_LIVER41_U	622
HG_NK_CELL_CD49POS_LIVER_LIVER39_U	623
HG_NK_CELL_CD49POS_LIVER_LIVER40_U	624
HG_NK_CELL_CD49POS_LIVER_LIVER41_U	625
HG_NK_CELL_CD56BRIGHT_U_D5	626
HG_NK_CELL_CD56BRIGHT_U_D6	627
HG_NK_CELL_CD56BRIGHT_U_D7	628
HG_NK_CELL_CD56DIM_U_D5	629
HG_NK_CELL_CD56DIM_U_D7	630
HG_NK_CELL_J4_D1	631
HG_NK_CELL_J4_D2	632
HG_NK_CELL_MATURE_1001_STIM	633
HG_NK_CELL_MATURE_1001_U	634
HG_NK_CELL_MATURE_1002_STIM	635
HG_NK_CELL_MATURE_1003_STIM	636
HG_NK_CELL_MATURE_1003_U	637
HG_NK_CELL_MATURE_1004_STIM	638
HG_NK_CELL_MATURE_1004_U	639
HG_NK_CELL_MATURE_1010_STIM2	640
HG_NK_CELL_MEC1R_MEC_1R_DMSO	641
HG_NK_CELL_MEC1_MEC_1_DMSO	642
HG_NK_CELL_MEMORY_1002_U	643
HG_NK_CELL_U_D17	644
HG_NK_CELL_U_D7	645
HG_NPC_D1_U	646
HG_NPC_D2_U	647
HG_NPC_D3_U	648
HG_NPC_D4_U	649
HG_NPC_D5_U	650
HG_NPC_D6_U	651
HG_NPC_D7_U	652
HG_NPC_D8_U	653
HG_NPC_IPS_07_U	654
HG_NPC_IPS_08_U	655
HG_NPC_IPS_09_U	656
HG_NPC_IPS_11_U	657
HG_NPC_IPS_12_U	658
HG_NPC_IPS_16_U	659
HG_NPC_IPS_18_U	660
HG_NPC_IPS_21_U	661
HG_NPC_K755R_U	662
HG_NPC_NSC_21_U	663
HG_NPC_OF4106_HDN_CTRL_U	664
HG_NPC_OF4106_HDN_FOXP2KE_U	665
HG_NPC_OF4106_HDN_FOXP2WT_U	666
HG_NPC_OF4106_HNP_CTRL_U	667
HG_NPC_OF4106_HNP_FOXP2KE_U	668
HG_NPC_OF4106_HNP_FOXP2WT_U	669
HG_NPC_R1159Q_U	670
HG_NPC_U_U	671
HG_OCI_AML2_S222A_INDUCED	672
HG_OCI_AML2_U_INDUCED	673
HG_OCI_AML2_U_MITOBLOCK_6	674
HG_OCI_AML2_U_MITOBLOCK_6ANDPENICILLAMINE	675
HG_OCI_AML2_U_U	676
HG_OCI_LY1_CTRL_GRNA_U	677
HG_OCI_LY1_ID3_KO_U	678
HG_OCI_LY1_U_U	679
HG_OCI_LY1_VENETOCLAX_RESISTANT_U	680
HG_OVARY_ENCDO186XRB_U	681
HG_OVARY_ENCDO411EVD_U	682
HG_OVARY_ENCDO793LXB_U	683
HG_PANCREAS_ENCDO186XRB_U	684
HG_PANCREAS_ENCDO271OUW_U	685
HG_PANCREAS_ENCDO528BHB_U	686
HG_PANCREAS_ENCDO575EGL_U	687
HG_PANCREAS_ENCDO575WHY_U	688
HG_PANCREATIC_ISLET_ISL10_U	689
HG_PANCREATIC_ISLET_ISL11_U	690
HG_PANCREATIC_ISLET_ISL5_HIGH_DEX	691
HG_PANCREATIC_ISLET_ISL5_U	692
HG_PANCREATIC_ISLET_ISL6_HIGH_DEX	693
HG_PANC_BODY_ENCDO793LXB_U	694
HG_PATIENT_48_HOURS_DIFFERENTIATION_BCL11A_MUTANT_	695
HG_PDCS_1001_U	696
HG_PEYERS_PATCH_ENCDO793LXB_U	697
HG_PLASMABLASTS_1001_U	698
HG_PROSTATE_ENCDO451RUA_U	699
HG_PSOAS_ENCDO186XRB_U	700
HG_PSOAS_ENCDO575WHY_U	701
HG_RETINA_HU4_U	702
HG_RETINA_HU6_U	703
HG_RETINA_HU7_U	704
HG_RETINA_HU8_U	705
HG_RMG_1_U_DOX	706
HG_RMG_1_U_U	707
HG_RS_ATAC_PDL20_TP1_A_PDL20_TP1_SENESCENT	708
HG_RS_ATAC_PDL50_TP7_A_PDL50_TP7_SENESCENT	709
HG_SCAR_JUN_KO_U	710
HG_SCAR_U_U	711
HG_SCC_090_U_U	712
HG_SEM_U_U	713
HG_SENSORY_NEURON_F_30_34_W_BRITISH_D1_U	714
HG_SENSORY_NEURON_F_40_44_W_BRITISH_D2_U	715
HG_SENSORY_NEURON_F_40_44_W_BRITISH_D3_U	716
HG_SENSORY_NEURON_F_40_44_W_BRITISH_D4_U	717
HG_SENSORY_NEURON_F_45_49_W_BRITISH_D5_U	718
HG_SENSORY_NEURON_F_45_49_W_BRITISH_D6_U	719
HG_SENSORY_NEURON_F_45_49_W_BRITISH_D7_U	720
HG_SENSORY_NEURON_F_50_54_W_BRITISH_D8_U	721
HG_SENSORY_NEURON_F_60_64_W_BRITISH_D9_U	722
HG_SENSORY_NEURON_F_65_69_W_BRITISH_D10_U	723
HG_SENSORY_NEURON_F_65_69_W_BRITISH_D11_U	724
HG_SENSORY_NEURON_F_65_69_W_BRITISH_D12_U	725
HG_SENSORY_NEURON_F_65_69_W_BRITISH_D13_U	726
HG_SENSORY_NEURON_F_65_69_W_BRITISH_D14_U	727
HG_SENSORY_NEURON_M_25_29_W_OTHER_D15_U	728
HG_SENSORY_NEURON_M_35_39_W_BRITISH_D16_U	729
HG_SENSORY_NEURON_M_60_64_W_BRITISH_D17_U	730
HG_SENSORY_NEURON_M_60_64_W_BRITISH_D18_U	731
HG_SENSORY_NEURON_M_65_69_W_BRITISH_D19_U	732
HG_SENSORY_NEURON_M_65_69_W_BRITISH_D20_U	733
HG_SENSORY_NEURON_M_65_69_W_BRITISH_D21_U	734
HG_SENSORY_NEURON_M_70_74_W_OTHER_D22_U	735
HG_SENSORY_NEURON_M_75_79_W_BRITISH_D23_U	736
HG_SIHA_U_U	737
HG_SKIN_JUN_KO_U	738
HG_SKIN_U_U	739
HG_SMC_CA_1346_U	740
HG_SMC_CA_1508_U	741
HG_SMC_CA_1522_U	742
HG_SMC_CA_2356_U	743
HG_SMC_CA_2989_U	744
HG_SMC_CA_AHR_KD_U	745
HG_SMC_CA_AHR_OE_U	746
HG_SPHINCTER_GE_ENCDO271OUW_U	747
HG_SPLEEN_ENCDO271OUW_U	748
HG_STOMACH_ENCDO451RUA_U	749
HG_STOMACH_ENCDO793LXB_U	750
HG_SUPB15_U_U	751
HG_TESTIS_ENCDO845WKR_U	752
HG_THP_1_U_PMA_24HR	753
HG_THP_1_U_U	754
HG_THYMUS_NAIVE_DONOR_30M_U	755
HG_THYROID_ENCDO271OUW_U	756
HG_THYROID_ENCDO451RUA_U	757
HG_THYROID_ENCDO793LXB_U	758
HG_THYROID_NORMAL1_C10_U	759
HG_THYROID_NORMAL1_C11_U	760
HG_THYROID_NORMAL1_C12_U	761
HG_THYROID_NORMAL1_C13_U	762
HG_THYROID_NORMAL1_C14_U	763
HG_THYROID_NORMAL1_C15_U	764
HG_THYROID_NORMAL1_C16_U	765
HG_THYROID_NORMAL1_C17_U	766
HG_THYROID_NORMAL1_C18_U	767
HG_THYROID_NORMAL1_C19_U	768
HG_THYROID_NORMAL1_C1_U	769
HG_THYROID_NORMAL1_C21_U	770
HG_THYROID_NORMAL1_C22_U	771
HG_THYROID_NORMAL1_C23_U	772
HG_THYROID_NORMAL1_C24_U	773
HG_THYROID_NORMAL1_C25_U	774
HG_THYROID_NORMAL1_C26_U	775
HG_THYROID_NORMAL1_C27_U	776
HG_THYROID_NORMAL1_C28_U	777
HG_THYROID_NORMAL1_C2_U	778
HG_THYROID_NORMAL1_C30_U	779
HG_THYROID_NORMAL1_C31_U	780
HG_THYROID_NORMAL1_C35_U	781
HG_THYROID_NORMAL1_C4_U	782
HG_THYROID_NORMAL1_C5_U	783
HG_THYROID_NORMAL1_C7_U	784
HG_TOV21G_ARID1BKD_U	785
HG_TOV21G_U_U	786
HG_T_ALL_CTV_1_PU1_MUT_PU1_MUT_U	787
HG_T_ALL_CTV_1_U_U	788
HG_T_CD41HR_CD3CD8DYNABEADS_U_1HR_CD3CD8DYNABEADS	789
HG_T_CD424HR_CD3CD8DYNABEADS_U__24HR_CD3CD8DYNABEADS	790
HG_T_CD44HR_CD3CD8DYNABEADS_U_4HR_CD3CD8DYNABEADS	791
HG_T_CD4ACTIVATED_U_ACTIVATED	792
HG_T_CD4DMSO_U_DMSO	793
HG_T_CD4FIXED_U_FIXED	794
HG_T_CD4POS_CD8POS_CD3NEG_U_U	795
HG_T_CD4POS_CD8POS_CD3POS_U_U	796
HG_T_CD4UNC4976_U_UNC4976	797
HG_T_CD4_CD8_U_U	798
HG_T_CD4_U_U	799
HG_T_CD8_U_U	800
HG_T_CELLS_CD4POS_TEMRA_ART_01_U	801
HG_T_CELLS_CD4POS_TEMRA_ART_02_U	802
HG_T_CELLS_CD4POS_TEMRA_ART_03_U	803
HG_T_CELLS_CD4POS_TEMRA_EC_01_U	804
HG_T_CELLS_CD4POS_TEMRA_EC_02_U	805
HG_T_CELLS_CD4POS_TEMRA_EC_03_U	806
HG_T_CELLS_CD4POS_TEMRA_EC_04_U	807
HG_T_CELLS_CD4POS_TEMRA_EC_05_U	808
HG_T_CELLS_CD4POS_TEMRA_EC_06_U	809
HG_T_CELLS_CD4POS_TEMRA_EC_07_U	810
HG_T_CELLS_CD4POS_TEMRA_EC_08_U	811
HG_T_CELLS_CD4POS_TEMRA_EC_09_U	812
HG_T_CELLS_CD4POS_TEMRA_EC_10_U	813
HG_T_CELLS_CD4POS_TEMRA_EC_11_U	814
HG_T_CELLS_CD4POS_TEMRA_EC_12_U	815
HG_T_CELL_CD4POS_CD25NEG_DONOR_1_AAVS1_1_U	816
HG_T_CELL_CD4POS_CD25NEG_DONOR_1_AAVS1_2_U	817
HG_T_CELL_CD4POS_CD25NEG_DONOR_1_AAVS1_3_U	818
HG_T_CELL_CD4POS_CD25NEG_DONOR_1_AAVS1_4_U	819
HG_T_CELL_CD4POS_CD25NEG_DONOR_1_AAVS1_5_U	820
HG_T_CELL_CD4POS_CD25NEG_DONOR_1_AAVS1_6_U	821
HG_T_CELL_CD4POS_CD25NEG_DONOR_1_AAVS1_7_U	822
HG_T_CELL_CD4POS_CD25NEG_DONOR_1_AAVS1_8_U	823
HG_T_CELL_CD4POS_CD25NEG_DONOR_1_ATXN7L3_U	824
HG_T_CELL_CD4POS_CD25NEG_DONOR_1_CBFB_U	825
HG_T_CELL_CD4POS_CD25NEG_DONOR_1_ETS1_U	826
HG_T_CELL_CD4POS_CD25NEG_DONOR_1_FOXK1_U	827
HG_T_CELL_CD4POS_CD25NEG_DONOR_1_FOXP1_U	828
HG_T_CELL_CD4POS_CD25NEG_DONOR_1_GATA3_U	829
HG_T_CELL_CD4POS_CD25NEG_DONOR_1_HIVEP2_U	830
HG_T_CELL_CD4POS_CD25NEG_DONOR_1_IL2RA_U	831
HG_T_CELL_CD4POS_CD25NEG_DONOR_1_IRF1_U	832
HG_T_CELL_CD4POS_CD25NEG_DONOR_1_IRF2_U	833
HG_T_CELL_CD4POS_CD25NEG_DONOR_1_IRF4_U	834
HG_T_CELL_CD4POS_CD25NEG_DONOR_1_JAK3_U	835
HG_T_CELL_CD4POS_CD25NEG_DONOR_1_KLF2_U	836
HG_T_CELL_CD4POS_CD25NEG_DONOR_1_KMT2A_U	837
HG_T_CELL_CD4POS_CD25NEG_DONOR_1_MBD2_U	838
HG_T_CELL_CD4POS_CD25NEG_DONOR_1_MED12_U	839
HG_T_CELL_CD4POS_CD25NEG_DONOR_1_MYB_U	840
HG_T_CELL_CD4POS_CD25NEG_DONOR_1_RELA_U	841
HG_T_CELL_CD4POS_CD25NEG_DONOR_1_STAT5A_U	842
HG_T_CELL_CD4POS_CD25NEG_DONOR_1_STAT5B_U	843
HG_T_CELL_CD4POS_CD25NEG_DONOR_1_TNFAIP3_U	844
HG_T_CELL_CD4POS_CD25NEG_DONOR_1_YY1_U	845
HG_T_CELL_CD4POS_CD25NEG_DONOR_1_ZNF217_U	846
HG_T_CELL_CD4POS_CD25NEG_DONOR_3_AAVS1_1_U	847
HG_T_CELL_CD4POS_CD25NEG_DONOR_3_AAVS1_2_U	848
HG_T_CELL_CD4POS_CD25NEG_DONOR_3_AAVS1_3_U	849
HG_T_CELL_CD4POS_CD25NEG_DONOR_3_AAVS1_5_U	850
HG_T_CELL_CD4POS_CD25NEG_DONOR_3_AAVS1_6_U	851
HG_T_CELL_CD4POS_CD25NEG_DONOR_3_AAVS1_7_U	852
HG_T_CELL_CD4POS_CD25NEG_DONOR_3_AAVS1_8_U	853
HG_T_CELL_CD4POS_CD25NEG_DONOR_3_ATXN7L3_U	854
HG_T_CELL_CD4POS_CD25NEG_DONOR_3_CBFB_U	855
HG_T_CELL_CD4POS_CD25NEG_DONOR_3_ETS1_U	856
HG_T_CELL_CD4POS_CD25NEG_DONOR_3_FOXK1_U	857
HG_T_CELL_CD4POS_CD25NEG_DONOR_3_FOXP1_U	858
HG_T_CELL_CD4POS_CD25NEG_DONOR_3_GATA3_U	859
HG_T_CELL_CD4POS_CD25NEG_DONOR_3_HIVEP2_U	860
HG_T_CELL_CD4POS_CD25NEG_DONOR_3_IL2RA_U	861
HG_T_CELL_CD4POS_CD25NEG_DONOR_3_IRF1_U	862
HG_T_CELL_CD4POS_CD25NEG_DONOR_3_IRF2_U	863
HG_T_CELL_CD4POS_CD25NEG_DONOR_3_IRF4_U	864
HG_T_CELL_CD4POS_CD25NEG_DONOR_3_JAK3_U	865
HG_T_CELL_CD4POS_CD25NEG_DONOR_3_KLF2_U	866
HG_T_CELL_CD4POS_CD25NEG_DONOR_3_KMT2A_U	867
HG_T_CELL_CD4POS_CD25NEG_DONOR_3_MBD2_U	868
HG_T_CELL_CD4POS_CD25NEG_DONOR_3_MED12_U	869
HG_T_CELL_CD4POS_CD25NEG_DONOR_3_MYB_U	870
HG_T_CELL_CD4POS_CD25NEG_DONOR_3_PTEN_U	871
HG_T_CELL_CD4POS_CD25NEG_DONOR_3_RELA_U	872
HG_T_CELL_CD4POS_CD25NEG_DONOR_3_STAT5A_U	873
HG_T_CELL_CD4POS_CD25NEG_DONOR_3_TNFAIP3_U	874
HG_T_CELL_CD4POS_CD25NEG_DONOR_3_YY1_U	875
HG_T_CELL_CD4POS_CD25NEG_DONOR_3_ZNF217_U	876
HG_T_CELL_CD4POS_CD25NEG_DONOR_4_AAVS1_1_U	877
HG_T_CELL_CD4POS_CD25NEG_DONOR_4_AAVS1_2_U	878
HG_T_CELL_CD4POS_CD25NEG_DONOR_4_AAVS1_3_U	879
HG_T_CELL_CD4POS_CD25NEG_DONOR_4_AAVS1_4_U	880
HG_T_CELL_CD4POS_CD25NEG_DONOR_4_AAVS1_5_U	881
HG_T_CELL_CD4POS_CD25NEG_DONOR_4_AAVS1_6_U	882
HG_T_CELL_CD4POS_CD25NEG_DONOR_4_AAVS1_7_U	883
HG_T_CELL_CD4POS_CD25NEG_DONOR_4_AAVS1_8_U	884
HG_T_CELL_CD4POS_CD25NEG_DONOR_4_ATXN7L3_U	885
HG_T_CELL_CD4POS_CD25NEG_DONOR_4_CBFB_U	886
HG_T_CELL_CD4POS_CD25NEG_DONOR_4_ETS1_U	887
HG_T_CELL_CD4POS_CD25NEG_DONOR_4_FOXK1_U	888
HG_T_CELL_CD4POS_CD25NEG_DONOR_4_FOXP1_U	889
HG_T_CELL_CD4POS_CD25NEG_DONOR_4_GATA3_U	890
HG_T_CELL_CD4POS_CD25NEG_DONOR_4_HIVEP2_U	891
HG_T_CELL_CD4POS_CD25NEG_DONOR_4_IL2RA_U	892
HG_T_CELL_CD4POS_CD25NEG_DONOR_4_IRF1_U	893
HG_T_CELL_CD4POS_CD25NEG_DONOR_4_IRF2_U	894
HG_T_CELL_CD4POS_CD25NEG_DONOR_4_IRF4_U	895
HG_T_CELL_CD4POS_CD25NEG_DONOR_4_JAK3_U	896
HG_T_CELL_CD4POS_CD25NEG_DONOR_4_KLF2_U	897
HG_T_CELL_CD4POS_CD25NEG_DONOR_4_KMT2A_U	898
HG_T_CELL_CD4POS_CD25NEG_DONOR_4_MBD2_U	899
HG_T_CELL_CD4POS_CD25NEG_DONOR_4_MED12_U	900
HG_T_CELL_CD4POS_CD25NEG_DONOR_4_MYB_U	901
HG_T_CELL_CD4POS_CD25NEG_DONOR_4_PTEN_U	902
HG_T_CELL_CD4POS_CD25NEG_DONOR_4_RELA_U	903
HG_T_CELL_CD4POS_CD25NEG_DONOR_4_STAT5A_U	904
HG_T_CELL_CD4POS_CD25NEG_DONOR_4_STAT5B_U	905
HG_T_CELL_CD4POS_CD25NEG_DONOR_4_TNFAIP3_U	906
HG_T_CELL_CD4POS_CD25NEG_DONOR_4_YY1_U	907
HG_T_CELL_CD4POS_CD25NEG_DONOR_4_ZNF217_U	908
HG_T_CELL_CD4POS_EFFECTOR_MEMORY_ART_01_U	909
HG_T_CELL_CD4POS_EFFECTOR_MEMORY_ART_02_U	910
HG_T_CELL_CD4POS_EFFECTOR_MEMORY_ART_03_U	911
HG_T_CELL_CD4POS_EFFECTOR_MEMORY_EC_01_U	912
HG_T_CELL_CD4POS_EFFECTOR_MEMORY_EC_02_U	913
HG_T_CELL_CD4POS_EFFECTOR_MEMORY_EC_03_U	914
HG_T_CELL_CD4POS_EFFECTOR_MEMORY_EC_04_U	915
HG_T_CELL_CD4POS_EFFECTOR_MEMORY_EC_05_U	916
HG_T_CELL_CD4POS_EFFECTOR_MEMORY_EC_06_U	917
HG_T_CELL_CD4POS_EFFECTOR_MEMORY_EC_07_U	918
HG_T_CELL_CD4POS_EFFECTOR_MEMORY_EC_08_U	919
HG_T_CELL_CD4POS_EFFECTOR_MEMORY_EC_09_U	920
HG_T_CELL_CD4POS_EFFECTOR_MEMORY_EC_10_U	921
HG_T_CELL_CD4POS_EFFECTOR_MEMORY_EC_11_U	922
HG_T_CELL_CD4POS_EFFECTOR_MEMORY_EC_12_U	923
HG_T_CELL_CD4POS_MEMORY_CENTRAL_ART_01_U	924
HG_T_CELL_CD4POS_MEMORY_CENTRAL_ART_02_U	925
HG_T_CELL_CD4POS_MEMORY_CENTRAL_ART_03_U	926
HG_T_CELL_CD4POS_MEMORY_CENTRAL_EC_01_U	927
HG_T_CELL_CD4POS_MEMORY_CENTRAL_EC_02_U	928
HG_T_CELL_CD4POS_MEMORY_CENTRAL_EC_03_U	929
HG_T_CELL_CD4POS_MEMORY_CENTRAL_EC_04_U	930
HG_T_CELL_CD4POS_MEMORY_CENTRAL_EC_05_U	931
HG_T_CELL_CD4POS_MEMORY_CENTRAL_EC_06_U	932
HG_T_CELL_CD4POS_MEMORY_CENTRAL_EC_07_U	933
HG_T_CELL_CD4POS_MEMORY_CENTRAL_EC_08_U	934
HG_T_CELL_CD4POS_MEMORY_CENTRAL_EC_09_U	935
HG_T_CELL_CD4POS_MEMORY_CENTRAL_EC_10_U	936
HG_T_CELL_CD4POS_MEMORY_CENTRAL_EC_11_U	937
HG_T_CELL_CD4POS_MEMORY_CENTRAL_EC_12_U	938
HG_T_CELL_CD4POS_NAIVE_ART_01_U	939
HG_T_CELL_CD4POS_NAIVE_ART_02_U	940
HG_T_CELL_CD4POS_NAIVE_ART_03_U	941
HG_T_CELL_CD4POS_NAIVE_EC_01_U	942
HG_T_CELL_CD4POS_NAIVE_EC_02_U	943
HG_T_CELL_CD4POS_NAIVE_EC_03_U	944
HG_T_CELL_CD4POS_NAIVE_EC_04_U	945
HG_T_CELL_CD4POS_NAIVE_EC_05_U	946
HG_T_CELL_CD4POS_NAIVE_EC_06_U	947
HG_T_CELL_CD4POS_NAIVE_EC_07_U	948
HG_T_CELL_CD4POS_NAIVE_EC_08_U	949
HG_T_CELL_CD4POS_NAIVE_EC_09_U	950
HG_T_CELL_CD4POS_NAIVE_EC_10_U	951
HG_T_CELL_CD4POS_NAIVE_EC_11_U	952
HG_T_CELL_CD4POS_NAIVE_EC_12_U	953
HG_T_CELL_CD4POS_TOTAL_ART_01_U	954
HG_T_CELL_CD4POS_TOTAL_ART_02_U	955
HG_T_CELL_CD4POS_TOTAL_ART_03_U	956
HG_T_CELL_CD4POS_TOTAL_EC_01_U	957
HG_T_CELL_CD4POS_TOTAL_EC_02_U	958
HG_T_CELL_CD4POS_TOTAL_EC_03_U	959
HG_T_CELL_CD4POS_TOTAL_EC_04_U	960
HG_T_CELL_CD4POS_TOTAL_EC_05_U	961
HG_T_CELL_CD4POS_TOTAL_EC_06_U	962
HG_T_CELL_CD4POS_TOTAL_EC_07_U	963
HG_T_CELL_CD4POS_TOTAL_EC_08_U	964
HG_T_CELL_CD4POS_TOTAL_EC_09_U	965
HG_T_CELL_CD4POS_TOTAL_EC_10_U	966
HG_T_CELL_CD4POS_TOTAL_EC_11_U	967
HG_T_CELL_CD4POS_TOTAL_EC_12_U	968
HG_T_CELL_CD8POS_1001_STIM	969
HG_T_CELL_CD8POS_1001_U	970
HG_T_CELL_CD8POS_1002_STIM	971
HG_T_CELL_CD8POS_1002_U	972
HG_T_CELL_CD8POS_1003_STIM	973
HG_T_CELL_CD8POS_1003_U	974
HG_T_CELL_CD8POS_1004_U	975
HG_T_CELL_CD8POS_AB_DONOR_21M_ACTIVATED	976
HG_T_CELL_CD8POS_NAIVE_1001_STIM	977
HG_T_CELL_CD8POS_NAIVE_1001_U	978
HG_T_CELL_CD8POS_NAIVE_1002_STIM	979
HG_T_CELL_CD8POS_NAIVE_1002_U	980
HG_T_CELL_CD8POS_NAIVE_1003_STIM	981
HG_T_CELL_CD8POS_NAIVE_1003_U	982
HG_T_CELL_CD8POS_NAIVE_1004_STIM	983
HG_T_CELL_CD8POS_NAIVE_1004_U	984
HG_T_CELL_CENTRAL_MEMORY_CD8POS_1001_STIM	985
HG_T_CELL_CENTRAL_MEMORY_CD8POS_1001_U	986
HG_T_CELL_CENTRAL_MEMORY_CD8POS_1002_STIM	987
HG_T_CELL_CENTRAL_MEMORY_CD8POS_1003_STIM	988
HG_T_CELL_CENTRAL_MEMORY_CD8POS_1003_U	989
HG_T_CELL_CENTRAL_MEMORY_CD8POS_1004_STIM	990
HG_T_CELL_CENTRAL_MEMORY_CD8POS_1004_U	991
HG_T_CELL_DONOR_20F_CD3_CD28	992
HG_T_CELL_DONOR_21M_U	993
HG_T_CELL_DONOR_33F_IL2_CD28_CD3	994
HG_T_CELL_DONOR_33F_U	995
HG_T_CELL_DONOR_38M_ACTIVATED	996
HG_T_CELL_DONOR_38M_U	997
HG_T_CELL_DONOR_42M_ACTIVATED	998
HG_T_CELL_DONOR_42M_U	999
HG_T_CELL_EFFECTOR_CD4POS_1001_STIM	1000
HG_T_CELL_EFFECTOR_CD4POS_1001_U	1001
HG_T_CELL_EFFECTOR_CD4POS_1002_STIM	1002
HG_T_CELL_EFFECTOR_CD4POS_1003_STIM	1003
HG_T_CELL_EFFECTOR_CD4POS_1003_U	1004
HG_T_CELL_EFFECTOR_CD4POS_1004_U	1005
HG_T_CELL_EFFECTOR_MEMORYS_1001_STIM	1006
HG_T_CELL_EFFECTOR_MEMORYS_1001_U	1007
HG_T_CELL_EFFECTOR_MEMORYS_1002_STIM	1008
HG_T_CELL_EFFECTOR_MEMORYS_1003_STIM	1009
HG_T_CELL_EFFECTOR_MEMORYS_1003_U	1010
HG_T_CELL_EFFECTOR_MEMORYS_1004_STIM	1011
HG_T_CELL_EFFECTOR_MEMORYS_1004_U	1012
HG_T_CELL_EFFECTOR_MEMORY_1001_STIM	1013
HG_T_CELL_EFFECTOR_MEMORY_1001_U	1014
HG_T_CELL_EFFECTOR_MEMORY_1002_STIM	1015
HG_T_CELL_EFFECTOR_MEMORY_1002_U	1016
HG_T_CELL_EFFECTOR_MEMORY_1003_STIM	1017
HG_T_CELL_EFFECTOR_MEMORY_1003_U	1018
HG_T_CELL_EFFECTOR_MEMORY_1004_STIM	1019
HG_T_CELL_EFFECTOR_MEMORY_1004_U	1020
HG_T_CELL_EFFECTOR_MEMORY_CD8POS_1001_STIM	1021
HG_T_CELL_EFFECTOR_MEMORY_CD8POS_1001_U	1022
HG_T_CELL_EFFECTOR_MEMORY_CD8POS_1002_STIM	1023
HG_T_CELL_EFFECTOR_MEMORY_CD8POS_1002_U	1024
HG_T_CELL_EFFECTOR_MEMORY_CD8POS_1003_STIM	1025
HG_T_CELL_EFFECTOR_MEMORY_CD8POS_1003_U	1026
HG_T_CELL_EFFECTOR_MEMORY_CD8POS_1004_STIM	1027
HG_T_CELL_EFFECTOR_MEMORY_CD8POS_1004_U	1028
HG_T_CELL_EFFECTOR_NAIVE_1001_STIM	1029
HG_T_CELL_EFFECTOR_NAIVE_1001_U	1030
HG_T_CELL_EFFECTOR_NAIVE_1002_STIM	1031
HG_T_CELL_EFFECTOR_NAIVE_1002_U	1032
HG_T_CELL_EFFECTOR_NAIVE_1003_STIM	1033
HG_T_CELL_EFFECTOR_NAIVE_1003_U	1034
HG_T_CELL_EFFECTOR_NAIVE_1004_STIM	1035
HG_T_CELL_EFFECTOR_NAIVE_1004_U	1036
HG_T_CELL_FOLLICULAR_1001_STIM	1037
HG_T_CELL_FOLLICULAR_1001_U	1038
HG_T_CELL_FOLLICULAR_1002_STIM	1039
HG_T_CELL_FOLLICULAR_1002_U	1040
HG_T_CELL_FOLLICULAR_1003_STIM	1041
HG_T_CELL_FOLLICULAR_1003_U	1042
HG_T_CELL_FOLLICULAR_1004_STIM	1043
HG_T_CELL_FOLLICULAR_1004_U	1044
HG_T_CELL_GD_1001_U	1045
HG_T_CELL_GD_1002_U	1046
HG_T_CELL_GD_1003_STIM	1047
HG_T_CELL_GD_1003_U	1048
HG_T_CELL_GD_1004_STIM	1049
HG_T_CELL_GD_1004_U	1050
HG_T_CELL_H17_PRECURSORS_1001_STIM	1051
HG_T_CELL_H17_PRECURSORS_1001_U	1052
HG_T_CELL_H17_PRECURSORS_1002_STIM	1053
HG_T_CELL_H17_PRECURSORS_1002_U	1054
HG_T_CELL_H17_PRECURSORS_1003_STIM	1055
HG_T_CELL_H17_PRECURSORS_1004_STIM	1056
HG_T_CELL_H1_PRECURSORS_1001_STIM	1057
HG_T_CELL_H1_PRECURSORS_1001_U	1058
HG_T_CELL_H1_PRECURSORS_1002_STIM	1059
HG_T_CELL_H1_PRECURSORS_1002_U	1060
HG_T_CELL_H1_PRECURSORS_1003_STIM	1061
HG_T_CELL_H1_PRECURSORS_1003_U	1062
HG_T_CELL_H1_PRECURSORS_1004_STIM	1063
HG_T_CELL_H2_PRECURSOR_1001_STIM	1064
HG_T_CELL_H2_PRECURSOR_1001_U	1065
HG_T_CELL_H2_PRECURSOR_1002_STIM	1066
HG_T_CELL_H2_PRECURSOR_1002_U	1067
HG_T_CELL_H2_PRECURSOR_1003_STIM	1068
HG_T_CELL_H2_PRECURSOR_1003_U	1069
HG_T_CELL_H2_PRECURSOR_1004_STIM	1070
HG_T_CELL_REG_1001_STIM	1071
HG_T_CELL_REG_1001_U	1072
HG_T_CELL_REG_1002_STIM	1073
HG_T_CELL_REG_1002_U	1074
HG_T_CELL_REG_1003_STIM	1075
HG_T_CELL_REG_1003_U	1076
HG_T_CELL_REG_1004_U	1077
HG_T_CELL_REG_NAIVE_1004_STIM	1078
HG_T_CELL_REG_NAIVE_1004_U	1079
HG_T_CELL_REG_NAIVE_1010_STIM2	1080
HG_T_GD_GAMMA_DELTA_CD1NEG_U_D1	1081
HG_T_GD_GAMMA_DELTA_CD1POS_U_D1	1082
HG_UOCB1_U_U	1083
HG_VENA_CAVA_POST_ENCDO528BHB_U	1084
HG_WI38_HTERT_SENESCENT	1085
HG_WTC_11_U_	1086
HG_Z138_Z138KD_SMARCA4_KD_DMSO	1087
HG_Z138_Z138_KD_DMSO	1088
MM_ASTROCYTE_CEREBELLUM_U_U	1089
MM_ASTROCYTE_CORTEX_U_U	1090
MM_BASAL_GANGLIA_POGZNEG_NEG_U	1091
MM_BASAL_GANGLIA_POGZPOS_POS_U	1092
MM_B_CELLS_GC_DZ_LZ_U_U	1093
MM_B_CELLS_GC_U_U	1094
MM_B_CELL_IMMATURE_U_U	1095
MM_B_CELL_MATURE_U_U	1096
MM_B_CELL_PRECURSOR_SMALL_BRWD1_MUT_U	1097
MM_B_CELL_PRECURSOR_SMALL_U_U	1098
MM_B_CELL_PRO_U_U	1099
MM_CARDIAC_FIBROBLAST_ACTA_KO_U	1100
MM_CARDIAC_FIBROBLAST_U_U	1101
MM_CEREBRAL_CORTEX_POGZPOS_POS_U	1102
MM_CEREBRAL_CORTEX_POGZ_NEG_NEG_U	1103
MM_CLPA_U_U	1104
MM_CPC_ISL1KO_E9	1105
MM_CPC_ISL1KO_E9.5	1106
MM_CPC_U_E7.5	1107
MM_CPC_U_E8.5	1108
MM_CPC_U_E9	1109
MM_CPC_U_E9.5	1110
MM_EMBRYONIC_FACIAL_PROMINENCE_ENCDO956IXV_11.5_DAY	1111
MM_EMBRYONIC_FACIAL_PROMINENCE_ENCDO956IXV_13.5_DAY	1112
MM_EMBRYONIC_FACIAL_PROMINENCE_ENCDO956IXV_15.5_DAY	1113
MM_ERYTHROBLAST_ENCDO072AAA_5_6_WEEK	1114
MM_ERYTHROID_PROGENITOR_CELL_ENCDO072AAA_5_6_WEEK	1115
MM_ESC_TFA2PADOUBLE_NEG	1116
MM_ESC_TFA2PADOUBLE_NEG.TFA2PCDOUBLE_NEG_U	1117
MM_FIBROBLAST_ATOH1_NGFP_U	1118
MM_FIBROBLAST_LIPO_ROSA_ROSA26_RTTA_U	1119
MM_FIBROBLAST_RETICULAR_ROSA_ROSA26_RTTA_U	1120
MM_FOREBRAIN_ENCDO469XMJ_0_DAY	1121
MM_FOREBRAIN_ENCDO956IXV_13.5_DAY	1122
MM_FOREBRAIN_ENCDO956IXV_15.5_DAY	1123
MM_FOREBRAIN_ENCDO956IXV_16.5_DAY	1124
MM_GMP_CRE_ERT_PCFG1_FL_FL_TAMOXIFEN	1125
MM_GMP_CRE_ERT__TAMOXIFEN	1126
MM_GMP_U_LPS	1127
MM_GMP_U_PBS_	1128
MM_HEART_ENCDO469XMJ_0_DAY	1129
MM_HEART_ENCDO956IXV_11.5_DAY	1130
MM_HEART_ENCDO956IXV_12.5	1131
MM_HEART_ENCDO956IXV_13.5_DAY	1132
MM_HEART_ENCDO956IXV_15.5_DAY	1133
MM_HEART_ENCDO956IXV_16.5_DAY	1134
MM_HINDBRAIN_ENCDO469XMJ_0_DAY	1135
MM_HINDBRAIN_ENCDO956IXV_11.5_DAY	1136
MM_HINDBRAIN_ENCDO956IXV_13.5_DAY	1137
MM_HINDBRAIN_ENCDO956IXV_15.5_DAY	1138
MM_HINDBRAIN_ENCDO956IXV_16.5_DAY	1139
MM_HL1_U_HYPOXIA_0H	1140
MM_HL1_U_HYPOXIA_24H	1141
MM_HL1_U_HYPOXIA_4H	1142
MM_HL1_U_HYPOXIA_8H	1143
MM_HSC_VAV_CRE_12WEEKS	1144
MM_HSC_VAV_CRE_PHF6_Y_12WEEKS	1145
MM_INFLAMMATION_EXPERIENCED_REGULATORY_T_CELLS_ENCDO820VCL_6_MONTH	1146
MM_INTESTINE_ENCDO956IXV_15.5_DAY	1147
MM_INTESTINE_ENCDO956IXV_16.5_DAY	1148
MM_KIDNEY_ENCDO956IXV_15.5_DAY	1149
MM_KIDNEY_ENCDO956IXV_16.5_DAY	1150
MM_LIMB_ENCDO956IXV_11.5_DAY	1151
MM_LIMB_ENCDO956IXV_13	1152
MM_LIMB_ENCDO956IXV_13.5_DAY	1153
MM_LIMB_ENCDO956IXV_15	1154
MM_LIMB_ENCDO956IXV_15.5_DAY	1155
MM_LIPOFIBROBLAST_ROSA26_RTTA_U	1156
MM_LIVER_ENCDO956IXV_11.5_DAY	1157
MM_LIVER_ENCDO956IXV_13.5_DAY	1158
MM_LIVER_ENCDO956IXV_15.5_DAY	1159
MM_LIVER_ENCDO956IXV_16.5_DAY	1160
MM_LUNG_ENCDO956IXV_15.5_DAY	1161
MM_LUNG_ENCDO956IXV_16.5_DAY	1162
MM_MEGAKARYOCYTE_ENCDO072AAA_5_6_WEEK	1163
MM_MEGAKARYOCYTE_PROGENITOR_CELL_ENCDO072AAA_5_6_WEEK	1164
MM_MIDBRAIN_ENCDO469XMJ_0_DAY	1165
MM_MIDBRAIN_ENCDO956IXV_11.5_DAY	1166
MM_MIDBRAIN_ENCDO956IXV_13.5_DAY	1167
MM_MIDBRAIN_ENCDO956IXV_15.5_DAY	1168
MM_MIDBRAIN_ENCDO956IXV_16.5_DAY	1169
MM_NEURAL_TUBE_ENCDO956IXV_11	1170
MM_NEURAL_TUBE_ENCDO956IXV_11.5_DAY	1171
MM_NEURAL_TUBE_ENCDO956IXV_13.5_DAY	1172
MM_NEURAL_TUBE_ENCDO956IXV_15.5_DAY	1173
MM_NIH3T3_H3.3GFP_INFECT_0H	1174
MM_NIH3T3_H3.3GFP_INFECT_48H	1175
MM_NIH3T3_H3.3GFP_U	1176
MM_NIH3T3_H3MM7GFP_INFECT_0H	1177
MM_NIH3T3_H3MM7GFP_INFECT_48H	1178
MM_NIH3T3_H3MM7GFP_U	1179
MM_NIH3T3_H3MM7KO_24H	1180
MM_NIH3T3_H3MM7KO_72H	1181
MM_NIH3T3_H3MM7KO_GROWTH	1182
MM_NIH3T3_U_24H	1183
MM_NIH3T3_U_72H	1184
MM_NIH3T3_U_INFECT_0H	1185
MM_NIH3T3_U_INFECT_48H	1186
MM_NIH3T3_U_U	1187
MM_OPC_EEDCKO_EEDCPLUS_U	1188
MM_OPC_U_U	1189
MM_PGC_P1O_U_U	1190
MM_PGC_VAV_CRE_P1	1191
MM_REGULATORY_T_CELL_ENCDO820VCL_4_MONTH	1192
MM_RETICULAR_FIBROBLAST_ROSA26_RTTA_U	1193
MM_SOX2POS_CAUDAL_U_TS12	1194
MM_SOX2POS_TPOS_CAUDAL_U_TS12	1195
MM_STOMACH_ENCDO956IXV_15	1196
MM_STOMACH_ENCDO956IXV_15.5_DAY	1197
MM_STOMACH_ENCDO956IXV_16	1198
MM_STOMACH_ENCDO956IXV_16.5_DAY	1199
MM_TPOS_CAUDAL_T2J_2J_TS12	1200
MM_TPOS_CAUDAL_T2J_2J_TS13	1201
MM_TPOS_CAUDAL_U_TS12	1202
MM_TPOS_CAUDAL_U_TS13	1203
MM_VASCULAR_ENDOTHELIAL_BRAIN_U_CULTURED	1204
MM_VASCULAR_ENDOTHELIAL_BRAIN_U_U	1205
MM_VASCULAR_ENDOTHELIAL_CEREBRUM_U_U	1206
MM_VASCULAR_ENDOTHELIAL_U_U	1207
RAT_DORSAL_ROOT_GANGLION_CFA_U_U	1208
RAT_ENDODERM_D1_U	1209
RAT_ENDODERM_D2_U	1210
RAT_ENDODERM_D3_U	1211
RAT_ENDODERM_D4_U	1212
RAT_ENDODERM_D5_U	1213
RAT_ENDODERM_D6_U	1214
RAT_ENDODERM_D7_U	1215
RAT_ESC_D0_U	1216
RAT_NPC_D1_U	1217
RAT_NPC_D2_U	1218
RAT_NPC_D3_U	1219
RAT_NPC_D4_U	1220
RAT_NPC_D5_U	1221
RAT_NPC_D6_U	1222
RAT_NPC_D7_U	1223
RAT_NPC_D8_U	1224
RAT_PREFRONTAL_CORTEX_U_COCAINE	1225
RAT_PREFRONTAL_CORTEX_U_U	1226
RAT_PREFRONTAL_CORTEX_U_WIN	1227
RAT_PREFRONTAL_CORTEX_U_WIN_COCAINE	1228
RAT_SCHWANN_SICTCF_DIFF9H	1229
RAT_SCHWANN_SICTRL_DIFF9H	1230
RM_ASTROCYTE_HD_U	1231
RM_ASTROCYTE_U_U	1232
RM_CA1_U_RHESUS_10	1233
RM_CA1_U_RHESUS_11	1234
RM_CA1_U_RHESUS_2	1235
RM_CA1_U_RHESUS_4	1236
RM_CA1_U_RHESUS_6	1237
RM_CA1_U_RHESUS_7	1238
RM_CA1_U_RHESUS_8	1239
RM_DEVELOPING_ASTROCYTE_HD_U	1240
RM_DEVELOPING_ASTROCYTE_U_U	1241
RM_INFERIOR_TEMPORAL_GYRUS_U_RHESUS_10	1242
RM_INFERIOR_TEMPORAL_GYRUS_U_RHESUS_11	1243
RM_INFERIOR_TEMPORAL_GYRUS_U_RHESUS_6	1244
RM_INFERIOR_TEMPORAL_GYRUS_U_RHESUS_7	1245
RM_INFERIOR_TEMPORAL_GYRUS_U_RHESUS_8	1246
RM_IPSC_HD_U	1247
RM_IPSC_WT_U	1248
RM_LIVER_BIOPSY_CHOW_U	1249
RM_LIVER_BIOPSY_HFD_U	1250
RM_MIDDLE_FRONTAL_GYRUS_U_RHESUS_3	1251
RM_MIDDLE_FRONTAL_GYRUS_U_RHESUS_6	1252
RM_MIDDLE_FRONTAL_GYRUS_U_RHESUS_7	1253
RM_MIDDLE_FRONTAL_GYRUS_U_RHESUS_8	1254
RM_MONOCYTE_CHD_10078_MONOCYTES_RESTING	1255
RM_MONOCYTE_CHD_10080_MONOCYTES_RESTING	1256
RM_MONOCYTE_CHD_10081_MONOCYTES_RESTING	1257
RM_MONOCYTE_CONTROL_10068_MONOCYTES_RESTING	1258
RM_MONOCYTE_CONTROL_10076_MONOCYTES_RESTING	1259
RM_NPC_U_U	1260
RM_NPC_WT_U	1261
RM_PBMC_482_DEX	1262
RM_PBMC_482_U	1263
RM_PBMC_RAA11_DEX	1264
RM_PBMC_RAA11_U	1265
RM_PBMC_RAC8_DEX	1266
RM_PBMC_RAC8_U	1267
RM_PBMC_RBC8_DEX	1268
RM_PBMC_RBC8_U	1269
RM_PBMC_RCW10_DEX	1270
RM_PBMC_RCW10_U	1271
RM_PBMC_RCY13_DEX	1272
RM_PBMC_RCY13_U	1273
RM_PBMC_REG12_DEX	1274
RM_PBMC_REG12_U	1275
RM_PBMC_RFD12_DEX	1276
RM_PBMC_RFD12_U	1277
RM_PBMC_RFM12_DEX	1278
RM_PBMC_RFM12_U	1279
RM_PBMC_RFQ9_DEX	1280
RM_PBMC_RFQ9_U	1281
RM_PBMC_RFS5_DEX	1282
RM_PBMC_RFS5_U	1283
RM_PBMC_RIA13_DEX	1284
RM_PBMC_RIA13_U	1285
RM_PBMC_RIB12_DEX	1286
RM_PBMC_RIB12_U	1287
RM_PBMC_RIE12_DEX	1288
RM_PBMC_RIE12_U	1289
RM_PBMC_RJF7_DEX	1290
RM_PBMC_RJF7_U	1291
RM_PBMC_RJJ10_DEX	1292
RM_PBMC_RJJ10_U	1293
RM_PBMC_RJL11_DEX	1294
RM_PBMC_RJL11_U	1295
RM_PBMC_RJS11_DEX	1296
RM_PBMC_RJS11_U	1297
RM_PBMC_RNI12_DEX	1298
RM_PBMC_RNI12_U	1299
RM_PBMC_RON5_DEX	1300
RM_PBMC_RON5_U	1301
RM_PBMC_ROV12_DEX	1302
RM_PBMC_ROV12_U	1303
RM_PBMC_RPJ10_DEX	1304
RM_PBMC_RPJ10_U	1305
RM_PBMC_RPM4_DEX	1306
RM_PBMC_RPM4_U	1307
RM_PBMC_RPP10_DEX	1308
RM_PBMC_RPP10_U	1309
RM_PBMC_RPQ11_DEX	1310
RM_PBMC_RPQ11_U	1311
RM_PBMC_RPS7_DEX	1312
RM_PBMC_RPS7_U	1313
RM_PBMC_RPY12_DEX	1314
RM_PBMC_RPY12_U	1315
RM_PBMC_RQP9_DEX	1316
RM_PBMC_RQP9_U	1317
RM_PBMC_RSH11_DEX	1318
RM_PBMC_RSH11_U	1319
RM_PBMC_RSI10_DEX	1320
RM_PBMC_RSI10_U	1321
RM_PBMC_RSU10_DEX	1322
RM_PBMC_RSU10_U	1323
RM_PBMC_RSU12_DEX	1324
RM_PBMC_RSU12_U	1325
RM_PBMC_RTF12_DEX	1326
RM_PBMC_RTF12_U	1327
RM_PBMC_RUD14_DEX	1328
RM_PBMC_RUD14_U	1329
RM_PBMC_RUF11_DEX	1330
RM_PBMC_RUF11_U	1331
RM_PBMC_RVB12_DEX	1332
RM_PBMC_RVB12_U	1333
RM_PBMC_RVE12_DEX	1334
RM_PBMC_RVE12_U	1335
RM_PBMC_RVW12_DEX	1336
RM_PBMC_RVW12_U	1337
RM_PBMC_RWU12_DEX	1338
RM_PBMC_RWU12_U	1339
RM_PBMC_RZE12_DEX	1340
RM_PBMC_RZE12_U	1341
RM_PBMC_RZQ10_DEX	1342
RM_PBMC_RZQ10_U	1343
RM_PBMC_VBB_DEX	1344
RM_PBMC_VBB_U	1345
RM_PBMC_WXC_DEX	1346
RM_PBMC_WXC_U	1347
RM_POSTERIOR_CINGULAR_GYRUS_U_RHESUS_10	1348
RM_POSTERIOR_CINGULAR_GYRUS_U_RHESUS_11	1349
RM_POSTERIOR_CINGULAR_GYRUS_U_RHESUS_3	1350
RM_POSTERIOR_CINGULAR_GYRUS_U_RHESUS_4	1351
RM_POSTERIOR_CINGULAR_GYRUS_U_RHESUS_6	1352
RM_POSTERIOR_CINGULAR_GYRUS_U_RHESUS_7	1353
RM_POSTERIOR_CINGULAR_GYRUS_U_RHESUS_8	1354
RM_POSTERIOR_SUPERIOR_OCCIPITAL_GYRUS_U_RHESUS_3	1355
RM_POSTERIOR_SUPERIOR_OCCIPITAL_GYRUS_U_RHESUS_6	1356
RM_POSTERIOR_SUPERIOR_OCCIPITAL_GYRUS_U_RHESUS_7	1357
RM_POSTERIOR_SUPERIOR_OCCIPITAL_GYRUS_U_RHESUS_8	1358
RM_SPLENIC_MACROPHAGE_CHD_2_U	1359
RM_SPLENIC_MACROPHAGE_CHD_6_U	1360
RM_SPLENIC_MACROPHAGE_CHD_7_U	1361
RM_SPLENIC_MACROPHAGE_CONTROL_1_U	1362
RM_SPLENIC_MACROPHAGE_CONTROL_4_U	1363
RM_SUPERIOR_PARIETAL_LOBULE_U_RHESUS_10	1364
RM_SUPERIOR_PARIETAL_LOBULE_U_RHESUS_11	1365
RM_SUPERIOR_PARIETAL_LOBULE_U_RHESUS_3	1366
RM_SUPERIOR_PARIETAL_LOBULE_U_RHESUS_4	1367
RM_SUPERIOR_PARIETAL_LOBULE_U_RHESUS_6	1368
RM_SUPERIOR_PARIETAL_LOBULE_U_RHESUS_7	1369
